RwNormModel Data,KrwNormModel Data,LSSPDModel Data,BetaBinomialModel Data
RwNormModel,153.98690721670414,166.39205820834624,100.45424668557426,194.48877248370195
KrwNormModel,156.8229498966002,163.15265855817958,107.31060045316977,198.12651778271186
LSSPDModel,161.24919717564734,168.89411545311734,106.909025204191,199.22157693718907
BetaBinomialModel,153.32799408196348,158.33933958786722,103.12823971592655,192.4110937426792
