RwNorm Data,KrwNorm Data,LSSPD Data,BB Data
RwNorm,366.28830322817254,334.29323071580103,372.2080011240937,554.0820138682851
KrwNorm,100.54276174685214,71.34919608469674,140.03743786380804,134.67878221521286
LSSPD,458.37993549292577,426.8362197925242,458.10350563010593,664.6607260988756
BB,80.96849751246425,54.95954738308607,108.30651576389884,106.19540263675837
