RwNorm Data,KrwNorm Data,LSSPD Data,Beta Binomial Data
RwNorm,471.3649500090942,485.83133462925093,335.74651152153456,537.863803426196
KrwNorm,474.7139039734633,476.23286724097505,337.0159564374138,543.3047318077826
LSSPD,484.76687598212504,489.614099780624,346.71884415437285,549.2141963045193
Beta Binomial,457.98042538366764,479.78565044982975,327.25292073731293,528.9122045381905
