RwNorm Data,KrwNorm Data,LSSPD Data,BB Data
RwNorm,98.25306843069383,35.39598488460487,190.07741082068483,183.15754253208252
KrwNorm,108.56220366629145,29.829211592286487,196.81705828463654,191.0149098876186
LSSPD,108.46140770996745,38.67198695622628,199.01429285667777,191.95177866910703
BB,140.1867275780933,88.3590286890356,195.3823900556866,187.82645431280852
