w,alpha,b0,b1,mix_coef,eta,kappa,sigma
0.6964691855978616,0.28613933495037946,0.2268514535642031,0.5513147690828912,0.7194689697855631,0.42310646012446096,0.9807641983846155,0.6848297385848633
0.48093190148436094,0.3921175181941505,0.3431780161508694,0.7290497073840416,0.4385722446796244,0.05967789660956835,0.3980442553304314,0.7379954057320357
0.18249173045349998,0.17545175614749253,0.5315513738418384,0.5318275870968661,0.6344009585513211,0.8494317940777896,0.7244553248606352,0.6110235106775829
