mu,sigma
6.964691855978616,2.8613933495037944
2.268514535642031,5.513147690828912
7.1946896978556305,4.23106460124461
