w0,alpha,alpha_c,beta,beta_c
0.50672601149957,0.05753069516808973,0.6275799857910759,0,0.13108514971070295
0.7885440068182308,0.5066861109399228,0.4128260762492969,0,0.4881744096172922
0.3359638840198026,0.1408162732065249,0.891442474262873,0,0.8475122251775021
