bias,action_bias
0.10517212721767522,2
0.20507186716352632,0
0.11547856267104184,1
