w0,alpha,alpha_c,beta,beta_c
0.10606490595473272,0.745471484885613,0.5723135366314989,0.4582411837608814,0
0.2739893062519525,0.6679624094080733,0.39547501078227787,0.2815728940041423,0
0.599094163809981,0.12294635792733721,0.38957403284157877,0.9749883582518912,0
