w0,alpha,alpha_c,beta,beta_c
0.6964691855978616,0.28613933495037946,0.2268514535642031,0.5513147690828912,0.7194689697855631
0.42310646012446096,0.9807641983846155,0.6848297385848633,0.48093190148436094,0.3921175181941505
0.3431780161508694,0.7290497073840416,0.4385722446796244,0.05967789660956835,0.3980442553304314
