w,sigma,b0,b1,sigmaWInit,tauSq,sigmaRSq,alpha
0.6964691855978616,0.28613933495037946,0.2268514535642031,0.5513147690828912,2.053342534152209,1.5266968196485915,2.666493193303722,0.6848297385848633
0.480931901484361,0.3921175181941505,0.3431780161508694,0.7290497073840416,1.5504919143515932,1.0614945804708058,1.4889099206497796,0.7379954057320357
0.1824917304535,0.17545175614749253,0.5315513738418384,0.5318275870968661,1.8858920754933992,2.3383178283441377,2.0636067984841904,0.6110235106775829
